start	end	text
0	2720	Les auge-vieraux qui vont directement arrêter le scroll.
2720	3440	Numéro 1
3440	5720	Si j'avais su s'ablito, j'en ai gagné un temps dessus.
5720	9440	Celui-là, on l'adore, parce qu'on vient titier la curiosité et les gens s'arrêtent.
9440	10120	Numéro 2
10120	11960	La plupart des entrepreneurs font cette erreur.
11960	14280	Là, directement, tu ciblez bonne personne,
14280	15800	si t'ascipissé les entrepreneurs,
15800	17120	ils vont s'arrêtent, Numéro 3.
17120	20080	Le plus gros mensonge, qu'on raconte sur les réseaux sociaux.
20080	21800	Et là, de nouveau, t'es dans l'intel.
21800	22960	Les gens vont se demander, ok.
22960	24640	Qu'est-ce qu'on essaye encore d'une phase 3 ?
24640	27960	Numéro 4, tu fais probablement cette erreur sans te rendu.
27960	30920	Ça aussi c'est intrigue, absolument personne n'a envie de faire des erreurs.
30920	31920	Donc, ça stoppe le scroll.
31920	33680	Et la petite berrière, si j'étais.
33680	37400	Et là, voici, exactement ce que je veux.
37400	40800	Et là, vous êtes en plein dans le mille, vous faites du monu qui arrête le scroll.
40800	43240	Et en plus de ça, vous touchez directement les bes-verses.
43240	46400	Alors, on le répète, un ouc, sa doctrine, de la curiosité,
46400	47960	une émotion ou une frustration.
47960	49640	Et si tu coches une de cette recasse,
49640	50640	ça ne peut plus fonctionner.
50640	52040	Si tu veux, Lucio, que tu t'abonne,
52040	53640	je t'en sort toute la semaine, bye.
